Workbook

Sheet COTIZACION
B2: Fecha de Realizacion | C2: 46063
B3: Cliente | C3: nombre cliente | E3: TC | F3: 49
B4: actividad | C4: hp 2025 | E4: DOP | F4: USD
B6: proveedor | C6: PARA ENTREGAR manana o miercoles
C7: ="Caja Charcuteria"&" USD "&TEXT(F24,"#,###.##") -> Caja Charcuteria USD 66.86 | D7: cantidad
B8: supermercado | C8: Mar Casabe con Romero | D8: 1 | E8: 205 | F8: =E8/$F$3 -> 4.1836735
B9: THE BUTCHER SHOP | C9: STW Asiago Cheese Cracker 5 0z | D9: 1 | E9: 425 | F9: =E9/$F$3 -> 8.6734694
B10: THE BUTCHER SHOP | C10: Bodd Strawberry 28 gr | D10: 1 | E10: 95 | F10: =E10/$F$3 -> 1.9387755
B11: THE BUTCHER SHOP | C11: Dok di San daniel 24 meses 0.25 lb | D11: 1 | E11: 474.75 | F11: =E11/$F$3 -> 9.6887755
B12: nacional | C12: Vega Q. Oveja curado con Trufa 0.25 LB | D12: 1 | E12: 231.25 | F12: =E12/$F$3 -> 4.7193878
B13: nacional | C13: Coom Mature cheddar uk 0.25 LB | D13: 1 | E13: 111.25 | F13: =E13/$F$3 -> 2.2704082
B14: nacional | C14: NRJ walnuts kerneels halves hano cr | D14: 1 | E14: 285 | F14: =E14/$F$3 -> 5.8163265
B15: nacional | C15: SIM salame ungherese 0.25 LB | D15: 1 | E15: 99.75 | F15: =E15/$F$3 -> 2.0357143
B16: nacional | C16: Vegt Aceituna con jalapenos picante | D16: 1 | E16: 199 | F16: =E16/$F$3 -> 4.0612245
B17: suplidor | C17: caja | D17: 1 | E17: 100 | F17: =E17/$F$3 -> 2.0408163 | J17: =SUM(E8:E16) -> 2126
B18: imprenta | C18: Sticker Caja | D18: 1 | E18: 50 | F18: =E18/$F$3 -> 1.0204082
B19: transporte | C19: Transporte | D19: 1 | E19: 300 | F19: =E19/$F$3 -> 6.122449
B20: imprenta | C20: Tarjeta Agradecimiento opalina F/C blanca | D20: 1 | E20: 50 | F20: =E20/$F$3 -> 1.0204082
A21: SOLO CAJA | C21: mano de obra | D21: 1 | E21: 250 | F21: =E21/$F$3 -> 5.1020408
C22: fee unico 100 dolares | D22: 1 | E22: 100 | F22: =E22/$F$3 -> 2.0408163
C23: ayudas | D23: 1 | E23: 300 | F23: =E23/$F$3 -> 6.122449
C24: GRAN TOTAL | E24: =SUM(E8:E23) -> 3276 | F24: =E24/$F$3 -> 66.857143 | H24: total cliente | I24: =E24*1.2 -> 3931.2 | K24: =I24/49 -> 80.228571
C26: OJO REBAJA DE 7 DOLARES PARA CUADRAR | H26: ganancia yo | I26: =I24-E24 -> 655.2
I27: 360

Sheet td
C1: =79*2 -> 158
A3: AJUSTE DE GASTOS REAL 6 ABRIL 2021 | C3: 49 | D3: 56
A4: PRESUPUESTO 2 cajas | B4: 140 | C4: =B4*C3 -> 6860 | D4: =B4*D3 -> 7840 | E4: =D4-C4 -> 980
A5: FECHA | B5: DETALLE | C5: REAL PESOS | D5: PRESUPUESTADO | E5: BENEFICIO | F5: Column1
A6: abril 6, 2021 | B6: THE BUTCHERSHOP | C6: 3867.82 | D6: =COTIZACION!J17*2 -> 4252 | E6: =Table283137[[#This Row],[PRESUPUESTADO]]-Table283137[[#This Row],[REAL PESOS]] -> 384.18
B7: caja | C7: 158 | D7: =COTIZACION!E17*2 -> 200 | E7: =Table283137[[#This Row],[PRESUPUESTADO]]-Table283137[[#This Row],[REAL PESOS]] -> 42
B8: sticker caja | C8: 0 | D8: =COTIZACION!E18*2 -> 100 | E8: =Table283137[[#This Row],[PRESUPUESTADO]]-Table283137[[#This Row],[REAL PESOS]] -> 100
B9: Transporte | C9: 600 | D9: =COTIZACION!E19*2 -> 600 | E9: =Table283137[[#This Row],[PRESUPUESTADO]]-Table283137[[#This Row],[REAL PESOS]] -> 0
B10: Tarjeta agradecimiento | C10: 43 | D10: =COTIZACION!E20*2 -> 100 | E10: =Table283137[[#This Row],[PRESUPUESTADO]]-Table283137[[#This Row],[REAL PESOS]] -> 57
B11: Mano de obra | C11: 500 | D11: =COTIZACION!E23*2 -> 600 | E11: =Table283137[[#This Row],[PRESUPUESTADO]]-Table283137[[#This Row],[REAL PESOS]] -> 100
D12: 0 | E12: =Table283137[[#This Row],[PRESUPUESTADO]]-Table283137[[#This Row],[REAL PESOS]] -> 0
D13: 0 | E13: =Table283137[[#This Row],[PRESUPUESTADO]]-Table283137[[#This Row],[REAL PESOS]] -> 0
D14: 0 | E14: =Table283137[[#This Row],[PRESUPUESTADO]]-Table283137[[#This Row],[REAL PESOS]] -> 0
B15: ganancia yo estimado en cotizacion fee 100 | C15: =100*D3 -> 5600 | D15: =100*C3 -> 4900 | E15: =Table283137[[#This Row],[REAL PESOS]]-Table283137[[#This Row],[PRESUPUESTADO]] -> 700
B16: ganancia por cambio de moneda | E16: =E4 -> 980
A17: GRAN TOTAL | C17: =SUBTOTAL(109,C6:C16) -> 10768.82 | D17: =SUBTOTAL(109,D6:D16) -> 10752 | E17: =SUM(E6:E16) -> 2363.18 | F17: GANANCIA REAL DE ESTE TRABAJO
B20: fee unico ganancia 100 limpios | C20: 5600 | G20: =E17+C20 -> 7963.18
